{"epoch":15,"train/step":48300,"_runtime":16775.912683417,"train/accuracy":0.7188430811266313,"train/logit_scale":0.97265625,"_wandb":{"runtime":16794},"train/learning_rate":0.0004951532082892266,"_timestamp":1.750360299877617e+09,"train/kl_loss":16.008752460756163,"train/ce_loss":6.622568905279503,"val/loss":6.8851318359375,"train/loss":11.425153316079212,"train/skipped_batches":0,"train/nan_count":0,"_step":486,"val/accuracy":0.3573224376887083}